timestamp,angle
147942430944,0.0017453292384743
147942441656,-0.1047197580337524
147942429259,0.0174532923847436
147942425828,-0.0279252678155899
147942436365,-0.0925024524331092
147942431289,0.0052359877154231
147942427014,-0.0628318563103675
147942437435,-0.1151917278766632
147942424373,0.0977384373545646
147942442476,-0.0837758034467697
147942430674,0.0069813169538974
147942434045,0.0680678412318229
147942434110,0.0680678412318229
147942435135,0.0
147942424073,0.0925024524331092
147942442406,-0.0820304751396179
147942426583,-0.0471238903701305
147942441526,-0.0907571241259574
147942427344,-0.0820304751396179
147942439521,0.0052359877154231
147942436185,-0.1221730485558509
147942433965,0.0802851468324661
147942438361,-0.0209439508616924
147942424718,0.0925024524331092
147942429904,0.0052359877154231
147942442371,-0.0610865242779254
147942433150,0.0663225129246711
147942441141,-0.1134463995695114
147942430419,0.0157079640775918
147942440661,-0.1396263390779495
147942434755,0.0191986225545406
147942440236,-0.0767944902181625
147942431419,0.0069813169538974
147942425673,0.0052359877154231
147942421803,0.0122173046693205
147942428534,-0.0226892810314893
147942434250,0.0750491544604301
147942432379,0.0418879017233848
147942422248,0.0052359877154231
147942439601,-0.0087266461923718
147942436770,-0.1134463995695114
147942442331,-0.0436332300305366
147942427869,-0.0279252678155899
147942430029,0.0052359877154231
147942439421,0.0017453292384743
147942429934,0.0052359877154231
147942423958,0.1099557429552078
147942426094,-0.0174532923847436
147942440741,-0.1326450258493423
147942426693,-0.0314159281551837
147942432369,0.0523598790168762
147942422488,0.0139626339077949
147942440851,-0.1396263390779495
147942430009,0.0052359877154231
147942438190,-0.1448623239994049
147942426893,-0.0244346093386411
147942439086,-0.0226892810314893
147942424708,0.0925024524331092
147942432599,0.0820304751396179
147942436025,-0.1326450258493423
147942432655,0.0645771846175193
147942442596,-0.0558505356311798
147942440596,-0.1308996975421905
147942422458,0.0139626339077949
147942431309,0.0017453292384743
147942427679,-0.0471238903701305
147942435660,-0.0523598790168762
147942435790,-0.1186823919415474
147942425433,0.0017453292384743
147942433070,0.0855211317539215
147942425273,0.0052359877154231
147942440116,-0.094247780740261
147942428164,-0.0523598790168762
147942423363,0.0506145469844341
147942438200,-0.1431169956922531
147942424838,0.0488692186772823
147942443576,-0.3281219005584717
147942434055,0.0645771846175193
147942426288,-0.0680678412318229
147942428194,-0.0523598790168762
147942439316,0.0087266461923718
147942429279,0.0471238903701305
147942428554,0.0017453292384743
147942428624,-0.0069813169538974
147942424473,0.10297442227602
147942425988,-0.0104719754308462
147942442361,-0.0471238903701305
147942435340,0.0034906584769487
147942442021,-0.1745329201221466
147942427949,-0.0628318563103675
147942425978,0.0191986225545406
147942442606,-0.0575958639383316
147942427659,-0.0471238903701305
147942426773,-0.108210414648056
147942438956,0.0052359877154231
147942426008,-0.0122173046693205
147942439116,-0.0209439508616924
147942425028,0.0069813169538974
147942432529,0.0994837656617164
147942433535,0.1012290939688682
147942432805,0.0506145469844341
147942438846,-0.0157079640775918
147942425643,0.0087266461923718
147942435470,0.0017453292384743
147942430269,0.0087266461923718
147942429119,-0.0104719754308462
147942425158,0.040142573416233
147942434560,0.0069813169538974
147942424293,0.0890117883682251
147942430309,0.0139626339077949
147942424223,0.0959931090474128
147942436405,-0.0750491544604301
147942434180,0.0645771846175193
147942441801,-0.0890117883682251
147942440126,-0.1064650863409042
147942436490,-0.1378810107707977
147942434985,-0.0174532923847436
147942434775,0.0034906584769487
147942424978,0.0139626339077949
147942423508,0.1064650863409042
147942432930,0.0610865242779254
147942422468,0.0139626339077949
147942428264,-0.0471238903701305
147942435610,-0.0296705979853868
147942442506,-0.0244346093386411
147942441971,-0.1448623239994049
147942428129,-0.0174532923847436
147942435620,-0.0174532923847436
147942425633,0.0122173046693205
147942441831,-0.0994837656617164
147942438090,-0.116937056183815
147942443281,-0.2740166783332824
147942430544,-0.0087266461923718
147942442766,-0.1780235767364502
147942436920,-0.1117010712623596
147942427719,-0.0750491544604301
147942438355,-0.0261799395084381
147942434075,0.0680678412318229
147942435500,-0.0034906584769487
147942429924,0.0052359877154231
147942432409,0.0488692186772823
147942435750,-0.1064650863409042
147942431824,-0.0139626339077949
147942434815,0.0017453292384743
147942437395,-0.1186823919415474
147942437820,-0.1274090409278869
147942426238,-0.1117010712623596
147942435410,0.0034906584769487
147942430874,0.0017453292384743
147942428184,-0.0523598790168762
147942443371,-0.1396263390779495
147942438020,-0.1134463995695114
147942439126,-0.0209439508616924
147942424008,0.1047197580337524
147942437585,-0.1204277202486991
147942422103,0.0087266461923718
147942437315,-0.116937056183815
147942438876,0.0017453292384743
147942421923,0.0261799395084381
147942430734,0.0069813169538974
147942428694,0.0017453292384743
147942439591,-0.0069813169538974
147942426823,-0.0890117883682251
147942436125,-0.1605702936649322
147942443511,-0.2687807083129883
147942431884,-0.0122173046693205
147942422518,0.0331612564623355
147942436810,-0.1099557429552078
147942441776,-0.0855211317539215
147942438581,-0.0034906584769487
147942422193,-0.040142573416233
147942423498,0.1047197580337524
147942427819,-0.0837758034467697
147942423133,0.1012290939688682
147942421588,0.0017453292384743
147942425188,0.0314159281551837
147942439256,0.0017453292384743
147942432329,0.0715584978461265
147942436175,-0.1256637126207351
147942427414,-0.0715584978461265
147942435185,0.0191986225545406
147942438886,0.0069813169538974
147942425998,-0.0191986225545406
147942433665,0.0698131695389747
147942441506,-0.0890117883682251
147942428099,-0.0645771846175193
147942436295,-0.1500983089208603
147942433100,0.0715584978461265
147942438541,-0.0087266461923718
147942426863,-0.0453785620629787
147942433905,0.0820304751396179
147942422893,0.1221730485558509
147942443311,-0.1919862180948257
147942440106,-0.0767944902181625
147942433515,0.1047197580337524
147942433210,0.0820304751396179
147942432244,0.1064650863409042
147942422123,0.0069813169538974
147942423013,0.116937056183815
147942439016,-0.0191986225545406
147942440346,-0.1291543692350387
147942425878,-0.0104719754308462
147942429854,0.0104719754308462
147942430724,0.0069813169538974
147942425048,0.0017453292384743
147942433000,0.0750491544604301
147942422698,0.108210414648056
147942435590,-0.0506145469844341
147942423718,0.0820304751396179
147942441941,-0.0890117883682251
147942439881,-0.0034906584769487
147942443181,-0.2076941877603531
147942422608,0.0855211317539215
147942429734,0.0017453292384743
147942428604,-0.0104719754308462
147942424493,0.1012290939688682
147942425463,0.0034906584769487
147942428474,0.0052359877154231
147942429714,-0.0034906584769487
147942431934,-0.0034906584769487
147942441081,-0.108210414648056
147942432475,0.0890117883682251
147942422668,0.1099557429552078
147942425733,-0.0157079640775918
147942421773,0.0139626339077949
147942423478,0.0890117883682251
147942439166,-0.0052359877154231
147942429169,0.0052359877154231
147942440166,-0.1117010712623596
147942426533,-0.0628318563103675
147942436165,-0.1413716673851013
147942439386,0.0034906584769487
147942439026,-0.0226892810314893
147942426373,-0.0279252678155899
147942443561,-0.3071779608726501
147942431149,0.0157079640775918
147942424253,0.0959931090474128
147942436690,-0.108210414648056
147942429189,0.0052359877154231
147942431489,0.0017453292384743
147942423918,0.10297442227602
147942423838,0.1134463995695114
147942427494,-0.0785398185253143
147942438431,-0.0052359877154231
147942428574,0.0017453292384743
147942439781,0.0017453292384743
147942426563,-0.0506145469844341
147942429774,0.0087266461923718
147942427939,-0.0558505356311798
147942437175,-0.1378810107707977
147942442776,-0.1780235767364502
147942443211,-0.2757620215415954
147942437780,-0.116937056183815
147942427404,-0.0733038261532783
147942439286,0.0017453292384743
147942425203,0.0209439508616924
147942427084,-0.0593411959707737
147942438761,0.0122173046693205
147942432489,0.1117010712623596
147942435350,0.0034906584769487
147942432084,0.0209439508616924
147942434490,-0.0139626339077949
147942430509,-0.0104719754308462
147942435480,0.0017453292384743
147942431914,-0.0104719754308462
147942440516,-0.1117010712623596
147942424918,0.0383972451090812
147942433565,0.1012290939688682
147942427879,-0.0261799395084381
147942436015,-0.1326450258493423
147942433340,0.0191986225545406
147942443191,-0.2146755009889602
147942432950,0.0610865242779254
147942428374,-0.0052359877154231
147942433320,0.0488692186772823
147942433390,0.0314159281551837
147942436235,-0.1204277202486991
147942438936,0.0052359877154231
147942440436,-0.0977384373545646
147942425693,-0.0331612564623355
147942438010,-0.116937056183815
147942439801,0.0017453292384743
147942424403,0.1012290939688682
147942439981,-0.0226892810314893
147942438781,-0.0034906584769487
147942429644,-0.0174532923847436
147942424513,0.1012290939688682
147942438060,-0.1134463995695114
147942433190,0.0802851468324661
147942425403,0.0069813169538974
147942440356,-0.1221730485558509
147942435155,0.0017453292384743
147942431409,0.0052359877154231
147942431529,0.0069813169538974
147942443231,-0.2844886779785156
147942426593,-0.0506145469844341
147942440276,-0.1012290939688682
147942423758,0.0925024524331092
147942422598,0.0785398185253143
147942436830,-0.0890117883682251
147942433975,0.0802851468324661
147942439561,0.0034906584769487
147942438896,0.0069813169538974
147942433915,0.0837758034467697
147942430694,0.0069813169538974
147942430179,0.0052359877154231
147942435885,-0.1186823919415474
147942441676,-0.1047197580337524
147942425563,0.0017453292384743
147942443441,-0.1256637126207351
147942429724,-0.0034906584769487
147942437135,-0.1343903541564941
147942438481,-0.0069813169538974
147942437760,-0.1151917278766632
147942432815,0.0523598790168762
147942434745,0.0174532923847436
147942436790,-0.1117010712623596
147942426793,-0.1012290939688682
147942443501,-0.2687807083129883
147942427174,-0.0785398185253143
147942433845,0.0802851468324661
147942442291,-0.0296705979853868
147942423243,0.1047197580337524
147942432094,0.0244346093386411
147942438335,-0.0314159281551837
147942429959,0.0052359877154231
147942441206,-0.1134463995695114
147942434130,0.0645771846175193
147942441276,-0.1099557429552078
147942434025,0.0715584978461265
147942424313,0.0925024524331092
147942438040,-0.1134463995695114
147942434370,0.054105207324028
147942431894,-0.0104719754308462
147942426423,-0.0261799395084381
147942431139,0.0157079640775918
147942442001,-0.171042263507843
147942438120,-0.1256637126207351
147942429229,0.0069813169538974
147942429099,-0.0104719754308462
147942426258,-0.0593411959707737
147942431014,0.0087266461923718
147942430229,0.0069813169538974
147942423968,0.1134463995695114
147942425128,0.0331612564623355
147942441981,-0.153588980436325
147942436045,-0.1326450258493423
147942431589,0.0157079640775918
147942432745,0.0349065847694873
147942429029,-0.0157079640775918
147942438621,0.0017453292384743
147942442966,-0.2426007688045501
147942438591,-0.0034906584769487
147942438305,-0.054105207324028
147942432294,0.0802851468324661
147942437680,-0.1274090409278869
147942422428,0.0139626339077949
147942430904,0.0017453292384743
147942436255,-0.1221730485558509
147942433430,0.0575958639383316
147942433230,0.0820304751396179
147942423263,0.1064650863409042
147942436930,-0.1221730485558509
147942441071,-0.1064650863409042
147942433380,0.0244346093386411
147942433935,0.0837758034467697
147942440176,-0.1117010712623596
147942433160,0.0645771846175193
147942437075,-0.1274090409278869
147942428889,0.0191986225545406
147942426148,-0.0296705979853868
147942443431,-0.1500983089208603
147942421703,0.0069813169538974
147942426098,-0.0157079640775918
147942442241,0.0261799395084381
147942435225,0.0279252678155899
147942438681,0.0139626339077949
147942422508,0.0261799395084381
147942428769,0.0087266461923718
147942440556,-0.1186823919415474
147942442161,-0.0837758034467697
147942423163,0.0820304751396179
147942439631,-0.0034906584769487
147942434715,0.0157079640775918
147942432885,0.0575958639383316
147942433615,0.0872664600610733
147942431279,0.0052359877154231
147942428274,-0.0453785620629787
147942428414,0.0052359877154231
147942425168,0.0383972451090812
147942427124,-0.0698131695389747
147942442131,-0.1588249653577804
147942434660,0.0069813169538974
147942434735,0.0191986225545406
147942435720,-0.0959931090474128
147942426004,-0.0139626339077949
147942443521,-0.2687807083129883
147942430119,0.0087266461923718
147942440621,-0.1396263390779495
147942441861,-0.108210414648056
147942440771,-0.1308996975421905
147942433735,0.0715584978461265
147942442516,-0.0209439508616924
147942422658,0.1064650863409042
147942422863,0.0907571241259574
147942428214,-0.0523598790168762
147942443021,-0.1518436521291732
147942435650,-0.0418879017233848
147942440046,-0.0226892810314893
147942426723,-0.0296705979853868
147942426218,-0.1413716673851013
147942422843,0.0488692186772823
147942440226,-0.0680678412318229
147942423293,0.1117010712623596
147942429309,0.0314159281551837
147942442556,-0.040142573416233
147942429239,0.0104719754308462
147942441031,-0.1221730485558509
147942422368,-0.0279252678155899
147942423458,0.0837758034467697
147942439861,-0.0034906584769487
147942440366,-0.1151917278766632
147942423468,0.0890117883682251
147942440386,-0.108210414648056
147942430774,0.0069813169538974
147942427629,-0.0488692186772823
147942437415,-0.1204277202486991
147942424583,0.0977384373545646
147942443401,-0.1902408897876739
147942433460,0.0820304751396179
147942438601,-0.0017453292384743
147942430449,0.0157079640775918
147942429634,-0.0174532923847436
147942440691,-0.1326450258493423
147942430239,0.0087266461923718
147942442936,-0.3054326176643371
147942430289,0.0139626339077949
147942439136,-0.0191986225545406
147942427484,-0.0628318563103675
147942440326,-0.1308996975421905
147942434825,0.0017453292384743
147942422073,0.0104719754308462
147942427759,-0.0767944902181625
147942440921,-0.1047197580337524
147942431479,0.0017453292384743
147942431189,0.0139626339077949
147942439871,-0.0034906584769487
147942423173,0.0785398185253143
147942442546,-0.0279252678155899
147942425263,0.0017453292384743
147942424968,0.0139626339077949
147942423848,0.108210414648056
147942429584,0.0
147942441256,-0.0959931090474128
147942435700,-0.0925024524331092
147942434440,-0.0017453292384743
147942427899,-0.0226892810314893
147942433755,0.0855211317539215
147942427044,-0.0488692186772823
147942422478,0.0087266461923718
147942430209,0.0052359877154231
147942423233,0.0977384373545646
147942426433,-0.0349065847694873
147942438080,-0.1151917278766632
147942442726,-0.1780235767364502
147942437750,-0.1151917278766632
147942438241,-0.1117010712623596
147942426939,-0.0244346093386411
147942429834,0.0087266461923718
147942440701,-0.1326450258493423
147942437305,-0.116937056183815
147942424463,0.1012290939688682
147942425198,0.0226892810314893
147942440426,-0.0959931090474128
147942434915,-0.0209439508616924
147942441891,-0.108210414648056
147942430964,0.0017453292384743
147942437810,-0.1274090409278869
147942428284,-0.0453785620629787
147942423353,0.0715584978461265
147942437950,-0.1186823919415474
147942441901,-0.108210414648056
147942441416,-0.1239183768630027
147942433765,0.0907571241259574
147942422003,0.0314159281551837
147942441376,-0.1326450258493423
147942440206,-0.1047197580337524
147942438701,0.0139626339077949
147942435025,-0.0034906584769487
147942422818,0.0698131695389747
147942421628,0.0314159281551837
147942431794,0.0
147942432054,0.0017453292384743
147942425743,-0.0157079640775918
147942440721,-0.1308996975421905
147942432865,0.0558505356311798
147942422648,0.1047197580337524
147942437670,-0.1291543692350387
147942426543,-0.0593411959707737
147942430199,0.0052359877154231
147942423818,0.1134463995695114
147942431449,0.0069813169538974
147942438521,-0.0087266461923718
147942430319,0.0157079640775918
147942424023,0.0959931090474128
147942435370,0.0034906584769487
147942425773,-0.0174532923847436
147942436710,-0.1047197580337524
147942425233,0.0139626339077949
147942433865,0.0820304751396179
147942441666,-0.1047197580337524
147942435865,-0.1117010712623596
147942433715,0.0855211317539215
147942443551,-0.29845130443573
147942438371,-0.0104719754308462
147942439336,0.0087266461923718
147942442181,-0.0575958639383316
147942436215,-0.1239183768630027
147942437840,-0.1274090409278869
147942428069,-0.0698131695389747
147942436550,-0.1500983089208603
147942430079,0.0052359877154231
147942434140,0.0645771846175193
147942426228,-0.1343903541564941
147942437155,-0.1361356824636459
147942443471,-0.1972222030162811
147942430564,-0.0069813169538974
147942442806,-0.171042263507843
147942426613,-0.0558505356311798
147942428674,-0.0034906584769487
147942439276,0.0017453292384743
147942422688,0.1099557429552078
147942441961,-0.1151917278766632
147942436445,-0.0802851468324661
147942437790,-0.1204277202486991
147942434150,0.0663225129246711
147942423748,0.0750491544604301
147942430399,0.0139626339077949
147942428564,0.0052359877154231
147942422758,0.0715584978461265
147942424123,0.0977384373545646
147942433050,0.0837758034467697
147942434600,0.0191986225545406
147942432765,0.0349065847694873
147942426713,-0.0331612564623355
147942441726,-0.0715584978461265
147942435985,-0.1308996975421905
147942426358,-0.0418879017233848
147942433945,0.0837758034467697
147942427254,-0.0767944902181625
147942431814,-0.0122173046693205
147942439006,-0.0139626339077949
147942443131,-0.1850049048662185
147942443531,-0.2705260217189789
147942443011,-0.1605702936649322
147942427889,-0.0244346093386411
147942422113,0.0069813169538974
147942435810,-0.1064650863409042
147942434580,0.0174532923847436
147942439891,-0.0034906584769487
147942422213,0.0122173046693205
147942424263,0.0994837656617164
147942443221,-0.2879793345928192
147942428704,0.0017453292384743
147942426994,-0.0785398185253143
147942434925,-0.0331612564623355
147942436345,-0.1099557429552078
147942430169,0.0052359877154231
147942441821,-0.0994837656617164
147942430884,0.0017453292384743
147942438070,-0.1151917278766632
147942425573,0.0017453292384743
147942441346,-0.1274090409278869
147942424748,0.0890117883682251
147942442616,-0.0575958639383316
147942435520,-0.0383972451090812
147942431944,-0.0034906584769487
147942438826,-0.0279252678155899
147942424303,0.0890117883682251
147942424928,0.0383972451090812
147942433635,0.0715584978461265
147942424858,0.0436332300305366
147942436005,-0.1308996975421905
147942436760,-0.1151917278766632
147942424543,0.0977384373545646
147942429784,0.0069813169538974
147942429824,0.0087266461923718
147942426038,-0.0034906584769487
147942437730,-0.116937056183815
147942439681,0.0017453292384743
147942422328,-0.0366519130766391
147942441931,-0.0994837656617164
147942422588,0.0698131695389747
147942431389,0.0052359877154231
147942439571,-0.0052359877154231
147942434360,0.0593411959707737
147942434005,0.0715584978461265
147942439671,0.0017453292384743
147942435840,-0.1064650863409042
147942432204,0.0733038261532783
147942438731,0.0139626339077949
147942429484,0.0069813169538974
147942441791,-0.0855211317539215
147942433585,0.0977384373545646
147942427274,-0.0750491544604301
147942430479,-0.0104719754308462
147942434430,0.0017453292384743
147942437605,-0.1204277202486991
147942442051,-0.171042263507843
147942443241,-0.2862339913845062
147942428079,-0.0698131695389747
147942433805,0.0890117883682251
147942427564,-0.0645771846175193
147942431784,0.0034906584769487
147942442981,-0.2373647838830948
147942442536,-0.0226892810314893
147942439036,-0.0226892810314893
147942422268,0.0034906584769487
147942438150,-0.1448623239994049
147942440526,-0.1117010712623596
147942440466,-0.0977384373545646
147942430259,0.0087266461923718
147942427619,-0.0523598790168762
147942427374,-0.0802851468324661
147942434650,0.0087266461923718
147942437930,-0.1186823919415474
147942435360,0.0034906584769487
147942438391,-0.0017453292384743
147942427739,-0.0785398185253143
147942426298,-0.0610865242779254
147942424678,0.0925024524331092
147942433290,0.0628318563103675
147942429674,-0.0122173046693205
147942433140,0.0663225129246711
147942430824,0.0034906584769487
147942428809,0.0104719754308462
147942438866,-0.0069813169538974
147942428054,-0.0715584978461265
147942433480,0.0855211317539215
147942421608,0.0069813169538974
147942438411,0.0
147942431209,0.0017453292384743
147942436385,-0.0785398185253143
147942437505,-0.1204277202486991
147942433330,0.0314159281551837
147942424193,0.0959931090474128
147942430714,0.0069813169538974
147942442221,0.0244346093386411
147942436510,-0.1518436521291732
147942432479,0.0977384373545646
147942440901,-0.1204277202486991
147942422853,0.0593411959707737
147942428989,-0.0157079640775918
147942424958,0.0157079640775918
147942437010,-0.1221730485558509
147942426413,-0.0226892810314893
147942437020,-0.1204277202486991
147942426523,-0.0645771846175193
147942442786,-0.1780235767364502
147942432920,0.0610865242779254
147942435400,0.0034906584769487
147942421823,0.0122173046693205
147942440016,-0.0226892810314893
147942432319,0.0698131695389747
147942425928,0.0575958639383316
147942435270,0.0052359877154231
147942429949,0.0052359877154231
147942432940,0.0610865242779254
147942422388,-0.0157079640775918
147942424668,0.0925024524331092
147942433555,0.1012290939688682
147942441131,-0.1134463995695114
147942434520,-0.0017453292384743
147942439551,0.0087266461923718
147942433855,0.0820304751396179
147942435035,-0.0034906584769487
147942436970,-0.1378810107707977
147942439931,-0.0052359877154231
147942434895,-0.0034906584769487
147942438050,-0.1134463995695114
147942422808,0.0994837656617164
147942432980,0.0663225129246711
147942428464,0.0069813169538974
147942423598,0.1117010712623596
147942442977,-0.2426007688045501
147942425593,0.0017453292384743
147942430914,0.0017453292384743
147942441756,-0.0855211317539215
147942431954,-0.0017453292384743
147942430339,0.0157079640775918
147942425513,0.0069813169538974
147942440136,-0.1117010712623596
147942435300,0.0017453292384743
147942441246,-0.0890117883682251
147942440066,-0.0226892810314893
147942430534,-0.0087266461923718
147942437285,-0.1256637126207351
147942424758,0.0872664600610733
147942426493,-0.0645771846175193
147942425353,0.0017453292384743
147942441226,-0.0925024524331092
147942442171,-0.0680678412318229
147942435895,-0.1204277202486991
147942428344,-0.0052359877154231
147942437445,-0.1134463995695114
147942421693,0.0069813169538974
147942421983,0.0383972451090812
147942435630,-0.0261799395084381
147942427579,-0.0645771846175193
147942422233,0.0087266461923718
147942434530,-0.0017453292384743
147942426919,-0.0157079640775918
147942426643,-0.0767944902181625
147942432419,0.0523598790168762
147942422238,0.0052359877154231
147942436700,-0.108210414648056
147942436560,-0.1500983089208603
147942437165,-0.1378810107707977
147942433725,0.0785398185253143
147942439541,0.0087266461923718
147942442991,-0.1815142482519149
147942428354,-0.0052359877154231
147942438671,0.0104719754308462
147942426028,-0.0034906584769487
147942427609,-0.0575958639383316
147942422678,0.1117010712623596
147942434570,0.0157079640775918
147942422528,0.0331612564623355
147942425623,0.0122173046693205
147942432679,0.0610865242779254
147942439196,0.0034906584769487
147942428394,0.0087266461923718
147942428684,0.0017453292384743
147942436245,-0.1204277202486991
147942424728,0.0907571241259574
147942424333,0.0925024524331092
147942434855,0.0017453292384743
147942442876,-0.2391101121902465
147942431659,0.0069813169538974
147942437365,-0.1186823919415474
147942435380,0.0034906584769487
147942425543,0.0052359877154231
147942438451,-0.0069813169538974
147942428959,-0.0069813169538974
147942435065,-0.0052359877154231
147942425058,0.0017453292384743
147942436800,-0.1099557429552078
147942427729,-0.0767944902181625
147942438691,0.0139626339077949
147942435955,-0.1221730485558509
147942429754,0.0069813169538974
147942433440,0.0593411959707737
147942422448,0.0104719754308462
147942436610,-0.1256637126207351
147942441951,-0.0837758034467697
147942432845,0.0593411959707737
147942439226,0.0017453292384743
147942422778,0.0820304751396179
147942427504,-0.0785398185253143
147942439971,-0.0209439508616924
147942440671,-0.1413716673851013
147942421753,0.0157079640775918
147942440286,-0.1186823919415474
147942426833,-0.0837758034467697
147942421883,0.0209439508616924
147942435770,-0.1186823919415474
147942438976,0.0017453292384743
147942434100,0.0680678412318229
147942431329,0.0017453292384743
147942437970,-0.1186823919415474
147942439461,0.0052359877154231
147942435740,-0.1047197580337524
147942426753,-0.0698131695389747
147942442416,-0.1134463995695114
147942427244,-0.0767944902181625
147942440871,-0.1308996975421905
147942442382,-0.0750491544604301
147942428254,-0.0471238903701305
147942431874,-0.0122173046693205
147942438916,0.0069813169538974
147942436940,-0.1308996975421905
147942431369,0.0034906584769487
147942422013,0.0279252678155899
147942436740,-0.1204277202486991
147942436580,-0.1448623239994049
147942430784,0.0069813169538974
147942423518,0.1047197580337524
147942435095,-0.0174532923847436
147942428139,-0.0279252678155899
147942435105,-0.0139626339077949
147942424323,0.0907571241259574
147942434785,0.0017453292384743
147942438501,-0.0069813169538974
147942422933,0.1291543692350387
147942442886,-0.2495820820331573
147942421683,0.0244346093386411
147942429009,-0.0157079640775918
147942425938,0.0645771846175193
147942421643,0.0279252678155899
147942423393,0.0645771846175193
147942443137,-0.1850049048662185
147942426268,-0.0628318563103675
147942423538,0.1064650863409042
147942427154,-0.0523598790168762
147942424938,0.0383972451090812
147942432825,0.0575958639383316
147942424848,0.0436332300305366
147942426883,-0.0296705979853868
147942440546,-0.1151917278766632
147942431169,0.0139626339077949
147942441181,-0.1204277202486991
147942425473,0.0052359877154231
147942430574,-0.0052359877154231
147942440396,-0.0977384373545646
147942427799,-0.0890117883682251
147942431299,0.0052359877154231
147942430429,0.0157079640775918
147942435330,0.0034906584769487
147942422498,0.0244346093386411
147942441871,-0.108210414648056
147942431569,0.0139626339077949
147942441496,-0.0890117883682251
147942437515,-0.1361356824636459
147942438631,0.0017453292384743
147942425503,0.0017453292384743
147942423658,0.1064650863409042
147942427224,-0.0767944902181625
147942429604,-0.0174532923847436
147942440941,-0.10297442227602
147942427749,-0.0767944902181625
147942430994,0.0069813169538974
147942431094,0.0139626339077949
147942429179,0.0052359877154231
147942441436,-0.1221730485558509
147942443071,-0.094247780740261
147942441881,-0.108210414648056
147942440256,-0.0820304751396179
147942433170,0.0680678412318229
147942421973,0.0383972451090812
147942442946,-0.2914699912071228
147942436115,-0.162315621972084
147942438926,0.0069813169538974
147942427709,-0.0767944902181625
147942425393,0.0069813169538974
147942442041,-0.1797689199447631
147942432359,0.0698131695389747
147942433080,0.0837758034467697
147942439611,-0.0087266461923718
147942435680,-0.0837758034467697
147942426673,-0.0733038261532783
147942428839,0.0139626339077949
147942439691,0.0017453292384743
147942428019,-0.0715584978461265
147942428504,-0.0052359877154231
147942442626,-0.0628318563103675
147942428494,0.0034906584769487
147942441486,-0.0890117883682251
147942429364,0.0209439508616924
147942433985,0.0802851468324661
147942422943,0.1117010712623596
147942437495,-0.1151917278766632
147942437800,-0.1256637126207351
147942432459,0.0785398185253143
147942438245,-0.10297442227602
147942431774,0.0052359877154231
147942432695,0.0558505356311798
147942427324,-0.0820304751396179
147942435115,-0.0052359877154231
147942425613,0.0052359877154231
147942425453,0.0034906584769487
147942436105,-0.1640609502792358
147942430854,0.0017453292384743
147942424423,0.1012290939688682
147942442081,-0.1308996975421905
147942431609,0.0052359877154231
147942435215,0.0296705979853868
147942423768,0.0994837656617164
147942437425,-0.1204277202486991
147942438611,0.0017453292384743
147942437860,-0.1274090409278869
147942426088,-0.0226892810314893
147942439406,0.0017453292384743
147942442676,-0.1658062785863876
147942425413,0.0017453292384743
147942438315,-0.0383972451090812
147942441236,-0.0890117883682251
147942422083,0.0122173046693205
147942441041,-0.1134463995695114
147942430489,-0.0104719754308462
147942438561,-0.0034906584769487
147942441991,-0.171042263507843
147942423123,0.1047197580337524
147942436640,-0.1239183768630027
147942423193,0.0628318563103675
147942436570,-0.1500983089208603
147942424243,0.0959931090474128
147942432254,0.094247780740261
147942422153,0.0034906584769487
147942431219,0.0017453292384743
147942440576,-0.1186823919415474
147942443161,-0.2059488445520401
147942443041,-0.1396263390779495
147942432284,0.0890117883682251
147942435310,0.0017453292384743
147942440931,-0.10297442227602
147942439531,0.0052359877154231
147942439431,0.0017453292384743
147942422618,0.0907571241259574
147942441286,-0.1099557429552078
147942427194,-0.0767944902181625
147942435945,-0.1221730485558509
147942432539,0.0925024524331092
147942443351,-0.1221730485558509
147942428859,0.0139626339077949
147942438571,-0.0034906584769487
147942425483,0.0052359877154231
147942440951,-0.1064650863409042
147942426623,-0.0628318563103675
147942422173,-0.0034906584769487
147942434540,-0.0017453292384743
147942435965,-0.1239183768630027
147942428484,0.0034906584769487
147942421663,0.0331612564623355
147942430604,0.0069813169538974
147942441566,-0.0959931090474128
147942428969,-0.0174532923847436
147942426108,-0.0191986225545406
147942423063,0.1117010712623596
147942424608,0.094247780740261
147942438030,-0.1134463995695114
147942436065,-0.1326450258493423
147942423798,0.1117010712623596
147942437940,-0.1186823919415474
147942429884,0.0069813169538974
147942423778,0.0994837656617164
147942423083,0.0925024524331092
147942424878,0.0418879017233848
147942431269,0.0052359877154231
147942423688,0.0820304751396179
147942432990,0.0750491544604301
147942428434,0.0052359877154231
147942429684,-0.0122173046693205
147942440961,-0.10297442227602
147942436670,-0.1134463995695114
147942435510,-0.0174532923847436
147942443061,-0.10297442227602
147942441466,-0.1064650863409042
147942429514,-0.0017453292384743
147942425138,0.040142573416233
147942423023,0.1204277202486991
147942430624,0.0069813169538974
147942434300,0.0750491544604301
147942428404,0.0052359877154231
147942428614,-0.0069813169538974
147942435320,0.0017453292384743
147942428109,-0.0558505356311798
147942436780,-0.1134463995695114
147942438651,0.0087266461923718
147942428634,-0.0069813169538974
147942427829,-0.0837758034467697
147942427354,-0.0872664600610733
147942425808,-0.0139626339077949
147942421913,0.0244346093386411
147942423868,0.1064650863409042
147942442916,-0.2897246479988098
147942432124,0.0157079640775918
147942435600,-0.0488692186772823
147942437595,-0.1204277202486991
147942427839,-0.0802851468324661
147942441841,-0.108210414648056
147942431129,0.0139626339077949
147942426633,-0.0680678412318229
147942432044,0.0017453292384743
147942438996,-0.0087266461923718
147942424033,0.0925024524331092
147942436335,-0.1117010712623596
147942437980,-0.1186823919415474
147942430069,0.0052359877154231
147942436650,-0.1204277202486991
147942429089,-0.0104719754308462
147942429039,-0.0139626339077949
147942439236,0.0017453292384743
147942433030,0.0750491544604301
147942434390,0.0436332300305366
147942424533,0.0977384373545646
147942432755,0.0349065847694873
147942435820,-0.1064650863409042
147942435125,-0.0034906584769487
147942433350,0.0157079640775918
147942432785,0.0366519130766391
147942423223,0.0767944902181625
147942427779,-0.0785398185253143
147942430614,0.0069813169538974
147942431744,0.0052359877154231
147942440681,-0.1396263390779495
147942441196,-0.1186823919415474
147942421723,0.0157079640775918
147942434320,0.0750491544604301
147942427569,-0.0645771846175193
147942423988,0.1151917278766632
147942441536,-0.0907571241259574
147942431319,0.0017453292384743
147942428909,0.0209439508616924
147942442271,0.0157079640775918
147942437990,-0.1186823919415474
147942430349,0.0157079640775918
147942432715,0.0471238903701305
147942424453,0.1012290939688682
147942428779,0.0087266461923718
147942430219,0.0069813169538974
147942423073,0.0872664600610733
147942431984,0.0017453292384743
147942423978,0.116937056183815
147942438255,-0.1012290939688682
147942431509,0.0017453292384743
147942422923,0.1291543692350387
147942425283,0.0034906584769487
147942429394,0.0069813169538974
147942439961,-0.0209439508616924
147942437205,-0.1378810107707977
147942432449,0.0785398185253143
147942430189,0.0052359877154231
147942423568,0.1204277202486991
147942434220,0.0715584978461265
147942426188,-0.1466076523065567
147942432349,0.0715584978461265
147942428059,-0.0715584978461265
147942424163,0.0872664600610733
147942425818,-0.0139626339077949
147942440506,-0.1151917278766632
147942436075,-0.162315621972084
147942433505,0.1047197580337524
147942431679,0.0052359877154231
147942437660,-0.1308996975421905
147942437870,-0.1274090409278869
147942439711,0.0017453292384743
147942433200,0.0802851468324661
147942423283,0.108210414648056
147942441626,-0.0907571241259574
147942426248,-0.0733038261532783
147942443391,-0.1884955614805221
147942435690,-0.0925024524331092
147942435205,0.0296705979853868
147942422548,0.0349065847694873
147942441386,-0.1291543692350387
147942423033,0.1361356824636459
147942443091,-0.094247780740261
147942439951,-0.0209439508616924
147942426078,-0.0209439508616924
147942441686,-0.10297442227602
147942433525,0.1012290939688682
147942432549,0.0890117883682251
147942432154,-0.0017453292384743
147942435860,-0.1117010712623596
147942434965,-0.0174532923847436
147942440791,-0.1204277202486991
147942432619,0.0698131695389747
147942426683,-0.040142573416233
147942429319,0.0314159281551837
147942441191,-0.1204277202486991
147942441616,-0.0977384373545646
147942423678,0.1047197580337524
147942439046,-0.0261799395084381
147942440811,-0.1239183768630027
147942423438,0.0750491544604301
147942422378,-0.0174532923847436
147942428664,-0.0069813169538974
147942422873,0.1047197580337524
147942426903,-0.0139626339077949
147942427304,-0.0680678412318229
147942433885,0.0820304751396179
147942422568,0.0715584978461265
147942423373,0.0471238903701305
147942437085,-0.1291543692350387
147942441596,-0.0977384373545646
147942425958,0.0471238903701305
147942441037,-0.1186823919415474
147942424103,0.1012290939688682
147942424818,0.0750491544604301
147942438771,0.0122173046693205
147942433785,0.0907571241259574
147942429129,-0.0034906584769487
147942426178,-0.1343903541564941
147942434805,0.0017453292384743
147942434210,0.0680678412318229
147942439056,-0.0331612564623355
147942430744,0.0069813169538974
147942436375,-0.0855211317539215
147942430654,0.0069813169538974
147942437245,-0.1361356824636459
147942429544,0.0017453292384743
147942432274,0.0907571241259574
147942422348,-0.0244346093386411
147942426703,-0.0331612564623355
147942430974,0.0017453292384743
147942423698,0.0715584978461265
147942434510,-0.0034906584769487
147942442311,-0.0453785620629787
147942438381,-0.0034906584769487
147942431994,0.0017453292384743
147942421743,0.0174532923847436
147942423788,0.108210414648056
147942422718,0.0872664600610733
147942439176,0.0
147942433260,0.0715584978461265
147942429109,-0.0104719754308462
147942435235,0.0209439508616924
147942434620,0.0157079640775918
147942443481,-0.2408554404973983
147942439901,-0.0034906584769487
147942431034,0.0122173046693205
147942432519,0.10297442227602
147942430584,-0.0034906584769487
147942422053,0.0069813169538974
147942429199,0.0052359877154231
147942431249,0.0052359877154231
147942431054,0.0139626339077949
147942429454,0.0069813169538974
147942429914,0.0052359877154231
147942438140,-0.1326450258493423
147942432875,0.0558505356311798
147942436205,-0.1239183768630027
147942434995,-0.0226892810314893
147942437275,-0.1256637126207351
147942442706,-0.162315621972084
147942421783,0.0139626339077949
147942426383,-0.0349065847694873
147942427104,-0.0715584978461265
147942439661,0.0017453292384743
147942431754,0.0069813169538974
147942425968,0.0418879017233848
147942431904,-0.0104719754308462
147942438235,-0.1326450258493423
147942422913,0.1239183768630027
147942440651,-0.1378810107707977
147942439356,0.0052359877154231
147942434610,0.0191986225545406
147942439451,0.0034906584769487
147942437030,-0.1221730485558509
147942441786,-0.0855211317539215
147942432104,0.0279252678155899
147942422308,-0.0558505356311798
147942425088,-0.0034906584769487
147942431804,-0.0069813169538974
147942433280,0.0645771846175193
147942438295,-0.0715584978461265
147942438275,-0.0855211317539215
147942426158,-0.0558505356311798
147942424618,0.0890117883682251
147942427919,-0.040142573416233
147942427534,-0.0628318563103675
147942422638,0.1047197580337524
147942431519,0.0069813169538974
147942423383,0.0506145469844341
147942428049,-0.0715584978461265
147942434230,0.0715584978461265
147942437625,-0.1256637126207351
147942426969,-0.0558505356311798
147942441136,-0.1134463995695114
147942423153,0.0959931090474128
147942435055,-0.0034906584769487
147942434975,-0.0157079640775918
147942440881,-0.1274090409278869
147942426783,-0.1064650863409042
147942430409,0.0157079640775918
147942434685,0.0069813169538974
147942442576,-0.0523598790168762
147942436325,-0.1256637126207351
147942433835,0.0802851468324661
147942443261,-0.2844886779785156
147942440216,-0.094247780740261
147942432469,0.0802851468324661
147942442091,-0.1326450258493423
147942427144,-0.0279252678155899
147942428364,-0.0069813169538974
147942439066,-0.0349065847694873
147942436085,-0.1675516068935394
147942429049,-0.0139626339077949
147942433360,0.0122173046693205
147942426603,-0.0488692186772823
147942437255,-0.1361356824636459
147942439156,-0.0122173046693205
147942428174,-0.0523598790168762
147942437615,-0.1221730485558509
147942437545,-0.1326450258493423
147942424043,0.0959931090474128
147942421963,0.0331612564623355
147942425313,0.0017453292384743
147942430499,-0.0122173046693205
147942425523,0.0069813169538974
147942435245,0.0122173046693205
147942424648,0.0925024524331092
147942432389,0.040142573416233
147942429939,0.0052359877154231
147942430329,0.0157079640775918
147942441546,-0.0907571241259574
147942436890,-0.0925024524331092
147942434905,-0.0052359877154231
147942429524,0.0
147942439481,0.0052359877154231
147942435995,-0.1326450258493423
147942427444,-0.0610865242779254
147942425243,0.0052359877154231
147942442906,-0.2740166783332824
147942427514,-0.0645771846175193
147942426473,-0.0575958639383316
147942422738,0.0733038261532783
147942426803,-0.1012290939688682
147942434090,0.0680678412318229
147942439146,-0.0157079640775918
147942439096,-0.0244346093386411
147942441396,-0.1256637126207351
147942438421,0.0017453292384743
147942423628,0.108210414648056
147942440751,-0.1326450258493423
147942440196,-0.1064650863409042
147942430099,0.0052359877154231
147942434460,-0.0052359877154231
147942434330,0.0750491544604301
147942424203,0.0959931090474128
147942433490,0.0872664600610733
147942437405,-0.1186823919415474
147942436530,-0.1518436521291732
147942423143,0.1012290939688682
147942427979,-0.0698131695389747
147942421993,0.0383972451090812
147942431499,0.0017453292384743
147942437960,-0.116937056183815
147942442696,-0.1658062785863876
147942427234,-0.0767944902181625
147942424523,0.0977384373545646
147942441336,-0.1047197580337524
147942443081,-0.094247780740261
147942437195,-0.1378810107707977
147942426338,-0.0488692186772823
147942435800,-0.1099557429552078
147942421713,0.0191986225545406
147942428204,-0.0523598790168762
147942423103,0.1221730485558509
147942426068,-0.0122173046693205
147942423828,0.1186823919415474
147942424183,0.0925024524331092
147942436275,-0.1239183768630027
147942441111,-0.1134463995695114
147942427074,-0.0628318563103675
147942436840,-0.0890117883682251
147942426763,-0.0925024524331092
147942441476,-0.1047197580337524
147942438906,0.0069813169538974
147942439346,0.0087266461923718
147942428949,0.0
147942427909,-0.0279252678155899
147942436135,-0.1518436521291732
147942424393,0.0959931090474128
147942429654,-0.0174532923847436
147942423203,0.0628318563103675
147942429474,0.0069813169538974
147942435580,-0.0506145469844341
147942422983,0.1099557429552078
147942425683,0.0017453292384743
147942421638,0.0279252678155899
147942433875,0.0820304751396179
147942438285,-0.0785398185253143
147942440456,-0.1012290939688682
147942441306,-0.108210414648056
147942428384,0.0017453292384743
147942435085,-0.0174532923847436
147942430834,0.0034906584769487
147942436900,-0.0925024524331092
147942429384,0.0052359877154231
147942438110,-0.1204277202486991
147942426393,-0.0261799395084381
147942428029,-0.0715584978461265
147942435045,-0.0034906584769487
147942436500,-0.1448623239994049
147942433450,0.0610865242779254
147942427294,-0.0645771846175193
147942437850,-0.1274090409278869
147942438345,-0.0279252678155899
147942433825,0.0855211317539215
147942426503,-0.0680678412318229
147942437125,-0.1326450258493423
147942423998,0.1117010712623596
147942424443,0.0994837656617164
147942441696,-0.0959931090474128
147942424273,0.094247780740261
147942424343,0.0977384373545646
147942433310,0.0558505356311798
147942439921,0.0017453292384743
147942435915,-0.1204277202486991
147942440821,-0.1291543692350387
147942436470,-0.1221730485558509
147942421853,0.0279252678155899
147942441011,-0.10297442227602
147942433495,0.0925024524331092
147942424213,0.094247780740261
147942436750,-0.1151917278766632
147942435550,-0.0523598790168762
147942425603,0.0052359877154231
147942438341,-0.0296705979853868
147942428314,-0.0069813169538974
147942436395,-0.0750491544604301
147942430924,0.0017453292384743
147942429424,0.0069813169538974
147942427699,-0.0698131695389747
147942424013,0.10297442227602
147942426348,-0.0436332300305366
147942443251,-0.2897246479988098
147942441366,-0.1326450258493423
147942438511,-0.0069813169538974
147942426663,-0.0750491544604301
147942442756,-0.1797689199447631
147942424053,0.0977384373545646
147942434190,0.0645771846175193
147942434480,-0.0122173046693205
147942435670,-0.0698131695389747
147942435175,0.0139626339077949
147942437635,-0.1326450258493423
147942442061,-0.1658062785863876
147942439581,-0.0087266461923718
147942432264,0.0907571241259574
147942422033,0.0157079640775918
147942427364,-0.0855211317539215
147942443527,-0.2687807083129883
147942423183,0.0698131695389747
147942437720,-0.1151917278766632
147942425443,0.0017453292384743
147942427999,-0.0715584978461265
147942434945,-0.0279252678155899
147942431974,0.0017453292384743
147942432184,0.040142573416233
147942426018,-0.0069813169538974
147942437690,-0.1256637126207351
147942433895,0.0820304751396179
147942426743,-0.0488692186772823
147942438721,0.0139626339077949
147942429329,0.0314159281551837
147942439501,0.0017453292384743
147942433060,0.0855211317539215
147942428454,0.0052359877154231
147942430389,0.0157079640775918
147942427264,-0.0767944902181625
147942432194,0.0593411959707737
147942440486,-0.0994837656617164
147942433675,0.0750491544604301
147942431199,0.0052359877154231
147942440536,-0.1134463995695114
147942438325,-0.0331612564623355
147942434160,0.0663225129246711
147942433695,0.0767944902181625
147942430554,-0.0087266461923718
147942436600,-0.1396263390779495
147942425303,0.0017453292384743
147942436870,-0.0907571241259574
147942441326,-0.10297442227602
147942425553,0.0017453292384743
147942426403,-0.0226892810314893
147942440416,-0.094247780740261
147942436850,-0.0890117883682251
147942422728,0.0750491544604301
147942436730,-0.1099557429552078
147942437535,-0.1326450258493423
147942435290,0.0017453292384743
147942431469,0.0034906584769487
147942430984,0.0052359877154231
147942432725,0.0383972451090812
147942425948,0.054105207324028
147942431084,0.0122173046693205
147942438160,-0.1466076523065567
147942423738,0.0733038261532783
147942441746,-0.0872664600610733
147942422973,0.1099557429552078
147942438836,-0.0191986225545406
147942440981,-0.0802851468324661
147942426899,-0.0139626339077949
147942424988,0.0122173046693205
147942436285,-0.1274090409278869
147942424413,0.10297442227602
147942435255,0.0087266461923718
147942433795,0.0890117883682251
147942437770,-0.116937056183815
147942423488,0.094247780740261
147942434670,0.0069813169538974
147942433300,0.0575958639383316
147942437265,-0.1343903541564941
147942438966,0.0017453292384743
147942423003,0.1239183768630027
147942421598,0.0034906584769487
147942425533,0.0052359877154231
147942441101,-0.1134463995695114
147942429704,-0.0052359877154231
147942435420,0.0017453292384743
147942429289,0.0418879017233848
147942421873,0.0069813169538974
147942438741,0.0139626339077949
147942426368,-0.0349065847694873
147942434120,0.0663225129246711
147942442031,-0.1815142482519149
147942423928,0.1012290939688682
147942442211,0.0139626339077949
147942442636,-0.0645771846175193
147942430019,0.0052359877154231
147942424173,0.0890117883682251
147942432835,0.0593411959707737
147942439471,0.0052359877154231
147942424593,0.0977384373545646
147942425068,-0.0034906584769487
147942429444,0.0069813169538974
147942442426,-0.1239183768630027
147942435460,0.0069813169538974
147942428039,-0.0715584978461265
147942425363,-0.0017453292384743
147942441061,-0.1047197580337524
147942428979,-0.0174532923847436
147942431104,0.0139626339077949
147942429554,0.0017453292384743
147942438821,-0.0279252678155899
147942442121,-0.1692969352006912
147942431699,0.0052359877154231
147942442866,-0.2129301726818084
147942432895,0.0575958639383316
147942428644,-0.0069813169538974
147942426573,-0.0471238903701305
147942423448,0.0785398185253143
147942431229,0.0052359877154231
147942442826,-0.171042263507843
147942427689,-0.0488692186772823
147942433645,0.0680678412318229
147942428939,0.0
147942422768,0.0733038261532783
147942438986,-0.0034906584769487
147942423303,0.1099557429552078
147942425038,0.0069813169538974
147942438811,-0.0296705979853868
147942435430,0.0017453292384743
147942429534,0.0
147942439761,-0.0139626339077949
147942428009,-0.0715584978461265
147942435640,-0.0349065847694873
147942436095,-0.1658062785863876
147942442526,-0.0209439508616924
147942429219,0.0069813169538974
147942427004,-0.0715584978461265
147942422133,0.0069813169538974
147942435560,-0.054105207324028
147942439366,0.0034906584769487
147942429969,0.0052359877154231
147942430159,0.0052359877154231
147942432304,0.0750491544604301
147942439821,0.0017453292384743
147942422043,0.0017453292384743
147942424503,0.10297442227602
147942424768,0.0855211317539215
147942422408,-0.0104719754308462
147942429269,0.0331612564623355
147942422883,0.1117010712623596
147942430934,0.0017453292384743
147942442261,0.0418879017233848
147942443151,-0.1989675313234329
147942424778,0.0837758034467697
147942424998,0.0087266461923718
147942423333,0.0959931090474128
147942422338,-0.0261799395084381
147942437710,-0.1151917278766632
147942440026,-0.0261799395084381
147942441426,-0.1221730485558509
147942425253,0.0
147942425888,-0.0104719754308462
147942429414,0.0069813169538974
147942432705,0.054105207324028
147942433420,0.0436332300305366
147942423808,0.1117010712623596
147942438000,-0.1186823919415474
147942431834,-0.0139626339077949
147942427474,-0.0593411959707737
147942425703,-0.0366519130766391
147942424153,0.0872664600610733
147942436415,-0.0750491544604301
147942440631,-0.1378810107707977
147942428304,-0.0226892810314893
147942442321,-0.0418879017233848
147942438946,0.0069813169538974
147942424133,0.0925024524331092
147942427314,-0.0767944902181625
147942437095,-0.1326450258493423
147942439441,0.0017453292384743
147942439186,0.0034906584769487
147942427769,-0.0767944902181625
147942428544,-0.0122173046693205
147942429374,0.0087266461923718
147942429354,0.0296705979853868
147942442796,-0.1762782484292984
147942437115,-0.1326450258493423
147942430529,-0.0087266461923718
147942433370,0.0122173046693205
147942422628,0.0994837656617164
147942422223,0.0087266461923718
147942433250,0.0802851468324661
147942437040,-0.1221730485558509
147942428799,0.0087266461923718
147942430279,0.0087266461923718
147942429989,0.0052359877154231
147942423273,0.1099557429552078
147942434955,-0.0191986225545406
147942424143,0.0890117883682251
147942442466,-0.0907571241259574
147942424788,0.0802851468324661
147942422023,0.0279252678155899
147942424233,0.0959931090474128
147942440446,-0.1012290939688682
147942437555,-0.1291543692350387
147942443141,-0.1867502331733703
147942442071,-0.1500983089208603
147942422578,0.0698131695389747
147942442446,-0.1047197580337524
147942439641,-0.0034906584769487
147942424628,0.0907571241259574
147942427789,-0.0855211317539215
147942430369,0.0157079640775918
147942439701,0.0017453292384743
147942432559,0.0872664600610733
147942439216,0.0017453292384743
147942428869,0.0139626339077949
147942433595,0.0977384373545646
147942441296,-0.1099557429552078
147942441516,-0.0890117883682251
147942440496,-0.1134463995695114
147942431924,-0.0052359877154231
147942427649,-0.0471238903701305
147942440406,-0.0907571241259574
147942432960,0.0628318563103675
147942439306,0.0069813169538974
147942439731,-0.0104719754308462
147942425918,0.0139626339077949
147942436820,-0.0959931090474128
147942427969,-0.0680678412318229
147942424553,0.0959931090474128
147942424868,0.0418879017233848
147942423558,0.1064650863409042
147942438230,-0.1413716673851013
147942443451,-0.1274090409278869
147942436950,-0.1396263390779495
147942436035,-0.1326450258493423
147942437700,-0.1186823919415474
147942428424,0.0069813169538974
147942439741,-0.0157079640775918
147942435280,0.0017453292384743
147942441051,-0.1064650863409042
147942423548,0.1064650863409042
147942441911,-0.1047197580337524
147942443321,-0.1727875918149948
147942435015,-0.0087266461923718
147942425319,0.0017453292384743
147942440566,-0.1186823919415474
147942428294,-0.040142573416233
147942436315,-0.1448623239994049
147942439106,-0.0226892810314893
147942434640,0.0122173046693205
147942432579,0.0855211317539215
147942431559,0.0139626339077949
147942431064,0.0139626339077949
147942422063,0.0087266461923718
147942435145,0.0017453292384743
147942431379,0.0034906584769487
147942437740,-0.116937056183815
147942428744,0.0069813169538974
147942425858,-0.0157079640775918
147942442496,-0.0488692186772823
147942423668,0.1064650863409042
147942441001,-0.0890117883682251
147942430089,0.0052359877154231
147942433220,0.0837758034467697
147942426198,-0.1431169956922531
147942429594,-0.0087266461923718
147942431709,0.0052359877154231
147942430644,0.0069813169538974
147942425223,0.0174532923847436
147942443337,-0.1186823919415474
147942436720,-0.1012290939688682
147942439751,-0.0157079640775918
147942424083,0.094247780740261
147942434470,-0.0104719754308462
147942422538,0.0314159281551837
147942422358,-0.0279252678155899
147942427034,-0.0488692186772823
147942428759,0.0087266461923718
147942424658,0.0925024524331092
147942425008,0.0087266461923718
147942440146,-0.1151917278766632
147942431159,0.0157079640775918
147942426278,-0.0628318563103675
147942423213,0.0628318563103675
147942434410,0.0209439508616924
147942424093,0.0959931090474128
147942424738,0.0925024524331092
147942440731,-0.1326450258493423
147942434550,-0.0017453292384743
147942426813,-0.0977384373545646
147942425723,-0.0174532923847436
147942431044,0.0139626339077949
147942442231,0.0279252678155899
147942436620,-0.1221730485558509
147942441556,-0.0907571241259574
147942427639,-0.0471238903701305
147942423728,0.0785398185253143
147942427114,-0.0837758034467697
147942430754,0.0069813169538974
147942432335,0.0715584978461265
147942443171,-0.2059488445520401
147942439791,0.0017453292384743
147942431239,0.0052359877154231
147942435760,-0.1134463995695114
147942428999,-0.0157079640775918
147942422748,0.0715584978461265
147942436660,-0.1134463995695114
147942423313,0.0994837656617164
147942430764,0.0069813169538974
147942441406,-0.1221730485558509
147942437345,-0.1186823919415474
147942425493,0.0034906584769487
147942442386,-0.0767944902181625
147942437485,-0.1151917278766632
147942431459,0.0052359877154231
147942437235,-0.1378810107707977
147942431439,0.0087266461923718
147942427809,-0.0855211317539215
147942433470,0.0890117883682251
147942440861,-0.1378810107707977
147942433815,0.0890117883682251
147942427589,-0.0645771846175193
147942424433,0.0994837656617164
147942432589,0.0837758034467697
147942421833,0.0314159281551837
147942441121,-0.1134463995695114
147942435850,-0.1099557429552078
147942440991,-0.0890117883682251
147942430299,0.0139626339077949
147942423578,0.1186823919415474
147942443421,-0.1675516068935394
147942425118,0.0139626339077949
147942425898,-0.0104719754308462
147942433775,0.0907571241259574
147942436435,-0.0767944902181625
147942438180,-0.1466076523065567
147942440841,-0.1396263390779495
147942437525,-0.1326450258493423
147942429249,0.0122173046693205
147942441316,-0.108210414648056
147942439396,0.0017453292384743
147942429804,0.0087266461923718
147942424798,0.0767944902181625
147942429149,0.0034906584769487
147942430814,0.0034906584769487
147942434935,-0.0314159281551837
147942436425,-0.0750491544604301
147942424638,0.0907571241259574
147942421763,0.0139626339077949
147942433240,0.0802851468324661
147942439376,0.0034906584769487
147942443121,-0.1692969352006912
147942432224,0.1064650863409042
147942431275,0.0052359877154231
147942429504,-0.0034906584769487
147942429814,0.0104719754308462
147942433090,0.0802851468324661
147942422318,-0.0628318563103675
147942440266,-0.0820304751396179
147942431359,0.0034906584769487
147942423638,0.1064650863409042
147942426048,-0.0034906584769487
147942423403,0.0645771846175193
147942432144,-0.0191986225545406
147942431619,0.0052359877154231
147942431639,0.0069813169538974
147942424573,0.0977384373545646
147942431004,0.0069813169538974
147942434400,0.0244346093386411
147942433745,0.0715584978461265
147942438856,-0.0122173046693205
147942436960,-0.1396263390779495
147942427334,-0.0802851468324661
147942427554,-0.0645771846175193
147942433685,0.0733038261532783
147942431114,0.0139626339077949
147942438531,-0.0087266461923718
147942425583,-0.0052359877154231
147942441091,-0.1117010712623596
147942440476,-0.0977384373545646
147942439941,-0.0157079640775918
147942422798,0.108210414648056
147942433400,0.0314159281551837
147942440611,-0.1396263390779495
147942437325,-0.1186823919415474
147942436305,-0.1553343087434768
147942439246,0.0017453292384743
147942425323,0.0017453292384743
147942436990,-0.1221730485558509
147942430249,0.0087266461923718
147942438441,-0.0087266461923718
147942434170,0.0663225129246711
147942432134,-0.0261799395084381
147942423588,0.116937056183815
147942425908,-0.0069813169538974
147942433040,0.0767944902181625
147942435540,-0.0488692186772823
147942430139,0.0069813169538974
147942440891,-0.1221730485558509
147942425333,0.0017453292384743
147942423938,0.1047197580337524
147942440971,-0.0750491544604301
147942421673,0.0314159281551837
147942430049,0.0052359877154231
147942436265,-0.1221730485558509
147942423858,0.1064650863409042
147942440781,-0.1239183768630027
147942436225,-0.1221730485558509
147942428444,0.0052359877154231
147942435975,-0.1256637126207351
147942436520,-0.1518436521291732
147942439811,0.0017453292384743
147942423323,0.0994837656617164
147942439296,0.0052359877154231
147942431724,0.0052359877154231
147942437355,-0.1186823919415474
147942425213,0.0174532923847436
147942436630,-0.1221730485558509
147942426463,-0.0523598790168762
147942422143,0.0052359877154231
147942430894,0.0017453292384743
147942430469,-0.0034906584769487
147942439651,-0.0017453292384743
147942437145,-0.1361356824636459
147942432174,0.0139626339077949
147942443361,-0.1396263390779495
147942439206,0.0034906584769487
147942431669,0.0069813169538974
147942423113,0.1117010712623596
147942421863,0.0122173046693205
147942433575,0.0977384373545646
147942430794,0.0052359877154231
147942425713,-0.0191986225545406
147942431599,0.0104719754308462
147942425148,0.0418879017233848
147942438711,0.0139626339077949
147942428879,0.0157079640775918
147942427094,-0.0593411959707737
147942425343,0.0017453292384743
147942428819,0.0122173046693205
147942432064,0.0017453292384743
147942437375,-0.1186823919415474
147942439076,-0.0279252678155899
147942427959,-0.0663225129246711
147942430594,0.0
147942429434,0.0069813169538974
147942421903,0.0209439508616924
147942431429,0.0087266461923718
147942440086,-0.0226892810314893
147942428789,0.0087266461923718
147942434290,0.0750491544604301
147942442686,-0.1727875918149948
147942424828,0.0645771846175193
147942441161,-0.116937056183815
147942434200,0.0663225129246711
147942422163,0.0034906584769487
147942440076,-0.0209439508616924
147942434240,0.0733038261532783
147942442251,0.040142573416233
147942425383,-0.0017453292384743
147942429999,0.0052359877154231
147942431179,0.0139626339077949
147942426328,-0.0471238903701305
147942438461,-0.0069813169538974
147942429464,0.0069813169538974
147942438801,-0.0296705979853868
147942425868,-0.0122173046693205
147942426128,-0.0226892810314893
147942431579,0.0157079640775918
147942439851,-0.0034906584769487
147942435265,0.0069813169538974
147942425178,0.0366519130766391
147942434065,0.0645771846175193
147942430954,0.0017453292384743
147942438661,0.0104719754308462
147942437920,-0.1186823919415474
147942442201,-0.0104719754308462
147942431259,0.0052359877154231
147942442586,-0.0523598790168762
147942438130,-0.1274090409278869
147942425293,0.0069813169538974
147942438100,-0.116937056183815
147942435530,-0.0453785620629787
147942434380,0.0488692186772823
147942427669,-0.0471238903701305
147942425108,-0.0017453292384743
147942435390,0.0034906584769487
147942427544,-0.0645771846175193
147942442566,-0.0471238903701305
147942424698,0.0925024524331092
147942436055,-0.1326450258493423
147942429564,0.0017453292384743
147942428919,0.0191986225545406
147942429979,0.0052359877154231
147942438551,-0.0034906584769487
147942425423,0.0017453292384743
147942443271,-0.2844886779785156
147942424948,0.0314159281551837
147942441811,-0.0994837656617164
147942425653,0.0087266461923718
147942434630,0.0139626339077949
147942430149,0.0069813169538974
147942426959,-0.0314159281551837
147942436980,-0.1256637126207351
147942440711,-0.1326450258493423
147942432339,0.0715584978461265
147942432775,0.0349065847694873
147942433180,0.0785398185253143
147942437890,-0.1274090409278869
147942428584,-0.0034906584769487
147942422418,0.0017453292384743
147942428234,-0.0506145469844341
147942429864,0.0087266461923718
147942421953,0.0296705979853868
147942427464,-0.0575958639383316
147942437650,-0.1308996975421905
147942428119,-0.0279252678155899
147942434695,0.0087266461923718
147942434260,0.0750491544604301
147942432735,0.0349065847694873
147942436880,-0.0925024524331092
147942422258,0.0052359877154231
147942429139,0.0034906584769487
147942433955,0.0802851468324661
147942440036,-0.0244346093386411
147942441766,-0.0855211317539215
147942431549,0.0139626339077949
147942426843,-0.0680678412318229
147942431399,0.0052359877154231
147942432635,0.0680678412318229
147942426653,-0.0767944902181625
147942438751,0.0122173046693205
147942431964,0.0
147942442281,-0.0157079640775918
147942436910,-0.0959931090474128
147942435875,-0.1134463995695114
147942442191,-0.0436332300305366
147942437455,-0.1134463995695114
147942432004,0.0017453292384743
147942431854,-0.0122173046693205
147942425798,-0.0191986225545406
147942442736,-0.1797689199447631
147942434590,0.0174532923847436
147942426853,-0.0471238903701305
147942438471,-0.0069813169538974
147942432014,0.0017453292384743
147942421618,0.0261799395084381
147942442456,-0.0959931090474128
147942428829,0.0122173046693205
147942433010,0.0750491544604301
147942443411,-0.1762782484292984
147942443101,-0.0959931090474128
147942443566,-0.3089232742786407
147942424483,0.1047197580337524
147942424688,0.0925024524331092
147942428514,-0.0261799395084381
147942422788,0.1047197580337524
147942436145,-0.1448623239994049
147942432855,0.0575958639383316
147942428724,0.0069813169538974
147942423888,0.1047197580337524
147942437215,-0.1378810107707977
147942425753,-0.0157079640775918
147942437880,-0.1274090409278869
147942422438,0.0069813169538974
147942425078,-0.0052359877154231
147942423618,0.1117010712623596
147942422833,0.0471238903701305
147942440586,-0.1239183768630027
147942436195,-0.1239183768630027
147942426118,-0.0226892810314893
147942423608,0.1117010712623596
147942443541,-0.2862339913845062
147942435005,-0.0209439508616924
147942432665,0.0628318563103675
147942426378,-0.0366519130766391
147942427394,-0.0733038261532783
147942440801,-0.1204277202486991
147942423053,0.1274090409278869
147942427064,-0.0558505356311798
147942435075,-0.0157079640775918
147942441356,-0.1326450258493423
147942432034,0.0017453292384743
147942423898,0.1047197580337524
147942431339,0.0034906584769487
147942432629,0.0680678412318229
147942439991,-0.0296705979853868
147942426733,-0.0296705979853868
147942436860,-0.0907571241259574
147942432910,0.0593411959707737
147942422398,-0.0191986225545406
147942427384,-0.0750491544604301
147942431764,0.0052359877154231
147942441446,-0.1204277202486991
147942429894,0.0052359877154231
147942436480,-0.1291543692350387
147942443201,-0.2373647838830948
147942426873,-0.0349065847694873
147942442396,-0.0767944902181625
147942428654,-0.0069813169538974
147942436680,-0.1099557429552078
147942436355,-0.1012290939688682
147942429079,-0.0122173046693205
147942426984,-0.0802851468324661
147942423528,0.1047197580337524
147942424363,0.0994837656617164
147942431649,0.0069813169538974
147942438170,-0.1483529806137085
147942422288,0.0017453292384743
147942438401,-0.0017453292384743
147942434450,-0.0034906584769487
147942430864,0.0017453292384743
147942429744,0.0052359877154231
147942435935,-0.1221730485558509
147942439511,0.0052359877154231
147942434835,0.0017453292384743
147942423948,0.108210414648056
147942428929,0.0087266461923718
147942429664,-0.0157079640775918
147942433120,0.0645771846175193
147942430379,0.0157079640775918
147942429299,0.0331612564623355
147942434350,0.0628318563103675
147942434705,0.0104719754308462
147942435440,0.0017453292384743
147942423253,0.1047197580337524
147942432509,0.1047197580337524
147942433110,0.0645771846175193
147942427054,-0.0471238903701305
147942443461,-0.1570796370506286
147942422093,0.0104719754308462
147942432164,0.0052359877154231
147942427859,-0.0453785620629787
147942421933,0.0261799395084381
147942432214,0.1047197580337524
147942435570,-0.0523598790168762
147942433705,0.0855211317539215
147942429694,-0.0122173046693205
147942425018,0.0087266461923718
147942425373,-0.0034906584769487
147942431539,0.0104719754308462
147942427284,-0.0680678412318229
147942428899,0.0191986225545406
147942430704,0.0069813169538974
147942434865,0.0017453292384743
147942435490,0.0017453292384743
147942434280,0.0733038261532783
147942429404,0.0069813169538974
147942432399,0.0418879017233848
147942422298,-0.0139626339077949
147942428714,0.0052359877154231
147942441456,-0.1064650863409042
147942428849,0.0139626339077949
147942427164,-0.0750491544604301
147942440831,-0.1378810107707977
147942424888,0.040142573416233
147942430439,0.0157079640775918
147942434340,0.0733038261532783
147942441736,-0.0820304751396179
147942433410,0.0331612564623355
147942441021,-0.1186823919415474
147942443341,-0.1151917278766632
147942426443,-0.040142573416233
147942426483,-0.0610865242779254
147942432499,0.1064650863409042
147942427434,-0.0680678412318229
147942421943,0.0279252678155899
147942426058,-0.0052359877154231
147942426513,-0.0733038261532783
147942442351,-0.0436332300305366
147942433655,0.0680678412318229
147942443097,-0.094247780740261
147942441151,-0.1134463995695114
147942440246,-0.0785398185253143
147942428594,-0.0104719754308462
147942432429,0.054105207324028
147942437065,-0.1256637126207351
147942436155,-0.1448623239994049
147942432795,0.0488692186772823
147942435710,-0.0925024524331092
147942441851,-0.1099557429552078
147942429059,-0.0139626339077949
147942422183,-0.0488692186772823
147942437465,-0.1134463995695114
147942427024,-0.0575958639383316
147942442896,-0.2687807083129883
147942431734,0.0052359877154231
147942442846,-0.1692969352006912
147942429794,0.0069813169538974
147942428224,-0.0506145469844341
147942441266,-0.1012290939688682
147942441216,-0.108210414648056
147942427929,-0.0488692186772823
147942439771,0.0
147942435165,0.0052359877154231
147942430109,0.0052359877154231
147942442646,-0.0698131695389747
147942423043,0.1361356824636459
147942430459,0.0122173046693205
147942436590,-0.1413716673851013
147942422558,0.0488692186772823
147942441716,-0.0680678412318229
147942424603,0.0959931090474128
147942439831,0.0
147942436460,-0.1012290939688682
147942438791,-0.0279252678155899
147942441646,-0.1012290939688682
147942434270,0.0750491544604301
147942439841,-0.0034906584769487
147942437830,-0.1274090409278869
147942433020,0.0750491544604301
147942427134,-0.0349065847694873
147942421733,0.0191986225545406
147942431074,0.0122173046693205
147942425848,-0.0226892810314893
147942437055,-0.1256637126207351
147942437385,-0.1186823919415474
147942434725,0.0174532923847436
147942441636,-0.0925024524331092
147942428524,-0.0279252678155899
147942440156,-0.1134463995695114
147942437000,-0.1221730485558509
147942432234,0.108210414648056
147942440761,-0.1326450258493423
147942428734,0.0069813169538974
147942429494,0.0034906584769487
147942440306,-0.1239183768630027
147942433995,0.0767944902181625
147942429574,0.0
147942424383,0.0977384373545646
147942443331,-0.1326450258493423
147942426553,-0.054105207324028
147942430519,-0.0087266461923718
147942423413,0.0628318563103675
147942427454,-0.0558505356311798
147942440296,-0.1256637126207351
147942422203,0.0017453292384743
147942423343,0.0907571241259574
147942429019,-0.0157079640775918
147942439721,0.0
147942441576,-0.0977384373545646
147942423708,0.0750491544604301
147942428089,-0.0663225129246711
147942424563,0.0959931090474128
147942429764,0.0069813169538974
147942425838,-0.0349065847694873
147942430684,0.0069813169538974
147942440186,-0.108210414648056
147942434845,0.0017453292384743
147942430634,0.0069813169538974
147942430059,0.0052359877154231
147942433925,0.0837758034467697
147942423648,0.1064650863409042
147942431024,0.0122173046693205
147942434500,-0.0104719754308462
147942421893,0.0226892810314893
147942426138,-0.0244346093386411
147942422903,0.1239183768630027
147942434035,0.0698131695389747
147942443031,-0.1466076523065567
147942433130,0.0663225129246711
147942429159,0.0034906584769487
147942431844,-0.0122173046693205
147942431864,-0.0122173046693205
147942434420,0.0139626339077949
147942442746,-0.1815142482519149
147942429209,0.0052359877154231
147942429069,-0.0122173046693205
147942435905,-0.1186823919415474
147942429844,0.0087266461923718
147942427214,-0.0767944902181625
147942428149,-0.0488692186772823
147942432439,0.0680678412318229
147942440056,-0.0226892810314893
147942422278,0.0017453292384743
147942423878,0.1047197580337524
147942440336,-0.1308996975421905
147942440376,-0.1134463995695114
147942436540,-0.1500983089208603
147942427524,-0.0628318563103675
147942427599,-0.0628318563103675
147942437565,-0.1221730485558509
147942433545,0.1012290939688682
147942421793,0.0104719754308462
147942435195,0.0261799395084381
147942425663,0.0052359877154231
147942430804,0.0052359877154231
147942427849,-0.0645771846175193
147942441706,-0.0698131695389747
147942442816,-0.171042263507843
147942428324,-0.0052359877154231
147942441606,-0.0977384373545646
147942437295,-0.1204277202486991
147942442341,-0.0436332300305366
147942421813,0.0087266461923718
147942428334,-0.0052359877154231
147942435450,0.0052359877154231
147942438641,0.0069813169538974
147942439326,0.0104719754308462
147942438220,-0.1431169956922531
147942437575,-0.1204277202486991
147942427184,-0.0767944902181625
147942429614,-0.0191986225545406
147942438265,-0.0959931090474128
147942427989,-0.0715584978461265
147942433625,0.0767944902181625
147942422708,0.0994837656617164
147942442486,-0.0785398185253143
147942431349,0.0034906584769487
147942437105,-0.1326450258493423
147942443381,-0.1483529806137085
147942442956,-0.2687807083129883
147942426168,-0.0820304751396179
147942421653,0.0366519130766391
147942430129,0.0087266461923718
147942423093,0.1186823919415474
147942424353,0.0994837656617164
147942422993,0.116937056183815
147942424113,0.1012290939688682
147942432114,0.0279252678155899
147942432609,0.0750491544604301
147942422963,0.108210414648056
147942424063,0.0959931090474128
147942433270,0.0645771846175193
147942443051,-0.1326450258493423
147942426949,-0.0261799395084381
147942421843,0.0331612564623355
147942425098,-0.0034906584769487
147942439911,0.0017453292384743
147942424908,0.0383972451090812
147942433605,0.0959931090474128
147942442856,-0.1658062785863876
147942439416,0.0017453292384743
147942440316,-0.1256637126207351
147942439621,-0.0034906584769487
147942424898,0.0383972451090812
147942422953,0.0959931090474128
147942430359,0.0157079640775918
147942429624,-0.0191986225545406
147942427204,-0.0785398185253143
147942423908,0.1064650863409042
147942431689,0.0052359877154231
147942439491,0.0017453292384743
147942442436,-0.1151917278766632
147942426208,-0.1396263390779495
147942440001,-0.0261799395084381
147942437475,-0.1134463995695114
147942439266,0.0017453292384743
147942441171,-0.1204277202486991
147942428244,-0.0506145469844341
147942434795,0.0017453292384743
147942424283,0.0907571241259574
147942424808,0.0767944902181625
147942437335,-0.1186823919415474
147942434765,0.0104719754308462
147942427424,-0.0680678412318229
147942434885,0.0
147942423428,0.0715584978461265
147942443586,-0.3403392136096954
147942440096,-0.0436332300305366
147942432970,0.0628318563103675
147942437910,-0.1221730485558509
147942434015,0.0715584978461265
147942435925,-0.1221730485558509
147942434875,0.0017453292384743
147942432569,0.0855211317539215
147942430039,0.0052359877154231
147942441921,-0.1012290939688682
147942426453,-0.0471238903701305
147942425763,-0.0157079640775918
147942430844,0.0034906584769487
147942438491,-0.0069813169538974
147942440641,-0.1378810107707977
147942429874,0.0087266461923718
147942434310,0.0750491544604301
